image_path,object_class,confidence
datasets/human_images/gender_dataset/men/544.jpg,person,0.9083327054977417
datasets/human_images/gender_dataset/men/574.jpg,person,0.899297833442688
datasets/human_images/gender_dataset/men/499.jpg,person,0.9279537200927734
datasets/human_images/gender_dataset/women/665.jpg,person,0.9340435862541199
datasets/human_images/gender_dataset/women/42.jpg,person,0.9431020617485046
datasets/human_images/gender_dataset/women/80.jpg,person,0.8579071760177612
datasets/human_images/gender_dataset/women/80.jpg,person,0.26916611194610596
datasets/human_images/gender_dataset/women/218.jpg,person,0.8723923563957214
datasets/human_images/gender_dataset/women/545.jpg,person,0.7851555347442627
datasets/human_images/gender_dataset/women/784.jpg,person,0.910810649394989
datasets/human_images/gender_dataset/women/784.jpg,tie,0.31242847442626953
datasets/human_images/gender_dataset/men/204.jpg,person,0.9361786246299744
datasets/human_images/gender_dataset/men/204.jpg,car,0.7576308250427246
datasets/human_images/gender_dataset/men/204.jpg,car,0.6723452210426331
datasets/human_images/gender_dataset/men/204.jpg,car,0.42449066042900085
datasets/human_images/gender_dataset/women/827.jpg,person,0.9223294258117676
datasets/human_images/gender_dataset/women/763.jpg,person,0.8716198205947876
datasets/human_images/gender_dataset/women/702.jpg,person,0.9390044808387756
datasets/human_images/gender_dataset/men/563.jpg,person,0.866672158241272
datasets/human_images/gender_dataset/men/306.jpg,person,0.9343073964118958
datasets/human_images/gender_dataset/women/616.jpg,person,0.8817945718765259
datasets/human_images/gender_dataset/women/582.jpg,person,0.8576542139053345
datasets/human_images/gender_dataset/women/549.jpg,person,0.9134166240692139
datasets/human_images/gender_dataset/men/548.jpg,tie,0.9406718611717224
datasets/human_images/gender_dataset/men/548.jpg,person,0.8442413806915283
datasets/human_images/gender_dataset/men/617.jpg,person,0.9069591164588928
datasets/human_images/gender_dataset/men/755.jpg,person,0.8856564164161682
datasets/human_images/gender_dataset/men/755.jpg,tie,0.6421636343002319
datasets/human_images/gender_dataset/men/755.jpg,car,0.46009811758995056
datasets/human_images/gender_dataset/men/755.jpg,tie,0.42905426025390625
datasets/human_images/gender_dataset/men/755.jpg,tie,0.404526948928833
datasets/human_images/gender_dataset/women/425.jpg,person,0.9264412522315979
datasets/human_images/gender_dataset/men/618.jpg,person,0.9434128403663635
datasets/human_images/gender_dataset/men/302.jpg,person,0.8950510025024414
datasets/human_images/gender_dataset/men/302.jpg,tie,0.2694459557533264
datasets/human_images/gender_dataset/men/389.jpg,person,0.8670106530189514
datasets/human_images/gender_dataset/men/704.jpg,person,0.8967519402503967
datasets/human_images/gender_dataset/men/672.jpg,person,0.7773481011390686
datasets/human_images/gender_dataset/women/690.jpg,person,0.8031328916549683
datasets/human_images/gender_dataset/women/367.jpg,person,0.8713274002075195
datasets/human_images/gender_dataset/men/294.jpg,person,0.9380624890327454
datasets/human_images/gender_dataset/men/436.jpg,person,0.8450405597686768
datasets/human_images/gender_dataset/men/692.jpg,person,0.9389603734016418
datasets/human_images/gender_dataset/women/107.jpg,person,0.8822164535522461
datasets/human_images/gender_dataset/men/75.jpg,person,0.9014248251914978
datasets/human_images/gender_dataset/men/51.jpg,person,0.9392071962356567
datasets/human_images/gender_dataset/women/468.jpg,person,0.8257913589477539
datasets/human_images/gender_dataset/men/580.jpg,person,0.885384202003479
datasets/human_images/gender_dataset/men/701.jpg,person,0.9248352646827698
datasets/human_images/gender_dataset/men/818.jpg,person,0.922639787197113
datasets/human_images/gender_dataset/men/818.jpg,tie,0.3106549084186554
datasets/human_images/gender_dataset/women/537.jpg,person,0.8923239707946777
datasets/human_images/gender_dataset/men/87.jpg,person,0.8998263478279114
datasets/human_images/gender_dataset/men/136.jpg,person,0.9013490676879883
datasets/human_images/gender_dataset/women/45.jpg,person,0.9281871914863586
datasets/human_images/gender_dataset/women/138.jpg,person,0.832554042339325
datasets/human_images/gender_dataset/men/250.jpg,person,0.8843371272087097
datasets/human_images/gender_dataset/men/215.jpg,person,0.9334916472434998
datasets/human_images/gender_dataset/men/215.jpg,tie,0.9060834050178528
datasets/human_images/gender_dataset/men/106.jpg,person,0.8873207569122314
datasets/human_images/gender_dataset/men/304.jpg,person,0.9352836012840271
datasets/human_images/gender_dataset/men/298.jpg,person,0.8746942281723022
datasets/human_images/gender_dataset/women/732.jpg,person,0.7969843149185181
datasets/human_images/gender_dataset/men/392.jpg,person,0.9480063915252686
datasets/human_images/gender_dataset/men/392.jpg,clock,0.42109423875808716
datasets/human_images/gender_dataset/women/629.jpg,person,0.879521906375885
datasets/human_images/gender_dataset/men/50.jpg,person,0.9457799196243286
datasets/human_images/gender_dataset/men/517.jpg,tie,0.841986358165741
datasets/human_images/gender_dataset/men/517.jpg,person,0.8337587118148804
datasets/human_images/gender_dataset/men/497.jpg,person,0.950894832611084
datasets/human_images/gender_dataset/men/497.jpg,tie,0.4158404469490051
datasets/human_images/gender_dataset/women/322.jpg,person,0.9239810705184937
datasets/human_images/gender_dataset/women/264.jpg,person,0.8978662490844727
datasets/human_images/gender_dataset/women/339.jpg,person,0.9104940891265869
datasets/human_images/gender_dataset/men/65.jpg,tie,0.903849184513092
datasets/human_images/gender_dataset/men/65.jpg,person,0.840785026550293
datasets/human_images/gender_dataset/women/1.jpg,person,0.8805742263793945
datasets/human_images/gender_dataset/women/741.jpg,person,0.9376514554023743
datasets/human_images/gender_dataset/men/455.jpg,person,0.9376924633979797
datasets/human_images/gender_dataset/men/339.jpg,person,0.8346678614616394
datasets/human_images/gender_dataset/men/169.jpg,person,0.9078458547592163
datasets/human_images/gender_dataset/men/169.jpg,person,0.25369879603385925
datasets/human_images/gender_dataset/women/38.jpg,person,0.8176922798156738
datasets/human_images/gender_dataset/women/38.jpg,person,0.7148927450180054
datasets/human_images/gender_dataset/women/38.jpg,person,0.2689244747161865
datasets/human_images/gender_dataset/men/633.jpg,person,0.8702440857887268
datasets/human_images/gender_dataset/women/439.jpg,person,0.751653254032135
datasets/human_images/gender_dataset/women/659.jpg,person,0.8590755462646484
datasets/human_images/gender_dataset/men/778.jpg,person,0.9461302161216736
datasets/human_images/gender_dataset/men/778.jpg,tennis racket,0.7593728303909302
datasets/human_images/gender_dataset/women/128.jpg,person,0.9010540843009949
datasets/human_images/gender_dataset/women/128.jpg,person,0.7665330171585083
datasets/human_images/gender_dataset/women/128.jpg,person,0.6977375149726868
datasets/human_images/gender_dataset/women/128.jpg,person,0.41996505856513977
datasets/human_images/gender_dataset/women/128.jpg,person,0.31285127997398376
datasets/human_images/gender_dataset/women/331.jpg,person,0.9294834136962891
datasets/human_images/gender_dataset/men/89.jpg,person,0.8147517442703247
datasets/human_images/gender_dataset/men/307.jpg,person,0.9153941869735718
datasets/human_images/gender_dataset/women/752.jpg,person,0.8923428058624268
datasets/human_images/gender_dataset/women/645.jpg,person,0.84628826379776
datasets/human_images/gender_dataset/men/152.jpg,person,0.8224101066589355
datasets/human_images/gender_dataset/men/152.jpg,person,0.7270824313163757
datasets/human_images/gender_dataset/women/225.jpg,person,0.880346953868866
datasets/human_images/gender_dataset/men/642.jpg,person,0.9074856042861938
datasets/human_images/gender_dataset/women/88.jpg,person,0.9260334968566895
datasets/human_images/gender_dataset/women/88.jpg,tie,0.475395530462265
datasets/human_images/gender_dataset/women/733.jpg,person,0.9195127487182617
datasets/human_images/gender_dataset/women/524.jpg,person,0.8631342053413391
datasets/human_images/gender_dataset/men/540.jpg,person,0.8669398427009583
datasets/human_images/gender_dataset/women/719.jpg,person,0.8686810731887817
datasets/human_images/gender_dataset/women/154.jpg,person,0.9166744351387024
datasets/human_images/gender_dataset/women/538.jpg,person,0.9051512479782104
datasets/human_images/gender_dataset/men/263.jpg,person,0.9429931640625
datasets/human_images/gender_dataset/women/369.jpg,person,0.8751599788665771
datasets/human_images/gender_dataset/women/720.jpg,person,0.8911678791046143
datasets/human_images/gender_dataset/men/830.jpg,person,0.9410040378570557
datasets/human_images/gender_dataset/men/830.jpg,tie,0.7199212908744812
datasets/human_images/gender_dataset/women/463.jpg,person,0.9371098279953003
datasets/human_images/gender_dataset/women/728.jpg,person,0.895718514919281
datasets/human_images/gender_dataset/women/621.jpg,person,0.87490314245224
datasets/human_images/gender_dataset/women/621.jpg,cell phone,0.2834492623806
datasets/human_images/gender_dataset/women/123.jpg,person,0.9101738333702087
datasets/human_images/gender_dataset/men/308.jpg,person,0.9092696309089661
datasets/human_images/gender_dataset/women/83.jpg,person,0.9143056273460388
datasets/human_images/gender_dataset/women/636.jpg,person,0.8901721239089966
datasets/human_images/gender_dataset/women/286.jpg,person,0.8078910112380981
datasets/human_images/gender_dataset/men/669.jpg,person,0.9360759258270264
datasets/human_images/gender_dataset/men/593.jpg,person,0.8928843140602112
datasets/human_images/gender_dataset/women/705.jpg,person,0.8934592008590698
datasets/human_images/gender_dataset/men/759.jpg,person,0.9050378799438477
datasets/human_images/gender_dataset/men/759.jpg,tie,0.26321879029273987
datasets/human_images/gender_dataset/men/558.jpg,person,0.9388594627380371
datasets/human_images/gender_dataset/men/523.jpg,person,0.7533676624298096
datasets/human_images/gender_dataset/men/523.jpg,tie,0.7137747406959534
datasets/human_images/gender_dataset/men/579.jpg,person,0.9229711890220642
datasets/human_images/gender_dataset/women/546.jpg,person,0.9284313917160034
datasets/human_images/gender_dataset/men/343.jpg,person,0.9071504473686218
datasets/human_images/gender_dataset/men/423.jpg,person,0.7747174501419067
datasets/human_images/gender_dataset/men/483.jpg,person,0.9043828845024109
datasets/human_images/gender_dataset/men/135.jpg,person,0.9299491047859192
datasets/human_images/gender_dataset/women/305.jpg,person,0.8537273406982422
datasets/human_images/gender_dataset/women/305.jpg,potted plant,0.774526834487915
datasets/human_images/gender_dataset/women/305.jpg,vase,0.28902769088745117
datasets/human_images/gender_dataset/men/210.jpg,person,0.9277132749557495
datasets/human_images/gender_dataset/women/228.jpg,person,0.8941587805747986
datasets/human_images/gender_dataset/men/791.jpg,person,0.9073025584220886
datasets/human_images/gender_dataset/men/791.jpg,tie,0.8103909492492676
datasets/human_images/gender_dataset/women/754.jpg,person,0.8547013998031616
datasets/human_images/gender_dataset/women/757.jpg,person,0.780595064163208
datasets/human_images/gender_dataset/men/650.jpg,person,0.9018747806549072
datasets/human_images/gender_dataset/men/650.jpg,tie,0.2660999000072479
datasets/human_images/gender_dataset/women/686.jpg,person,0.9194701910018921
datasets/human_images/gender_dataset/women/759.jpg,person,0.8642787337303162
datasets/human_images/gender_dataset/men/749.jpg,person,0.927204966545105
datasets/human_images/gender_dataset/men/827.jpg,person,0.9134281277656555
datasets/human_images/gender_dataset/men/827.jpg,tie,0.25811517238616943
datasets/human_images/gender_dataset/men/783.jpg,person,0.8356106877326965
datasets/human_images/gender_dataset/men/265.jpg,person,0.8935171365737915
datasets/human_images/gender_dataset/men/265.jpg,clock,0.3662380874156952
datasets/human_images/gender_dataset/women/797.jpg,person,0.9333821535110474
datasets/human_images/gender_dataset/women/246.jpg,person,0.8972752094268799
datasets/human_images/gender_dataset/men/592.jpg,person,0.822407603263855
datasets/human_images/gender_dataset/women/598.jpg,person,0.8974983096122742
datasets/human_images/gender_dataset/men/453.jpg,person,0.9168341755867004
datasets/human_images/gender_dataset/women/267.jpg,person,0.885966420173645
datasets/human_images/gender_dataset/men/402.jpg,person,0.8823443055152893
datasets/human_images/gender_dataset/men/402.jpg,tie,0.8780847787857056
datasets/human_images/gender_dataset/women/9.jpg,person,0.8843561410903931
datasets/human_images/gender_dataset/men/62.jpg,person,0.9410226345062256
datasets/human_images/gender_dataset/women/646.jpg,person,0.9232027530670166
datasets/human_images/gender_dataset/men/542.jpg,person,0.8892745971679688
datasets/human_images/gender_dataset/men/542.jpg,tie,0.8134059906005859
datasets/human_images/gender_dataset/women/571.jpg,person,0.9351510405540466
datasets/human_images/gender_dataset/women/662.jpg,person,0.8980997204780579
datasets/human_images/gender_dataset/women/673.jpg,person,0.9014215469360352
datasets/human_images/gender_dataset/women/673.jpg,person,0.7880954146385193
datasets/human_images/gender_dataset/women/654.jpg,person,0.7611912488937378
datasets/human_images/gender_dataset/women/654.jpg,chair,0.6534796953201294
datasets/human_images/gender_dataset/men/761.jpg,person,0.8913589715957642
datasets/human_images/gender_dataset/women/737.jpg,person,0.9044578671455383
datasets/human_images/gender_dataset/women/599.jpg,person,0.9038645029067993
datasets/human_images/gender_dataset/women/428.jpg,person,0.8962464928627014
datasets/human_images/gender_dataset/women/428.jpg,bed,0.47617092728614807
datasets/human_images/gender_dataset/men/29.jpg,person,0.9551097750663757
datasets/human_images/gender_dataset/women/344.jpg,person,0.88094162940979
datasets/human_images/gender_dataset/men/196.jpg,person,0.9304313659667969
datasets/human_images/gender_dataset/women/730.jpg,person,0.8852729797363281
datasets/human_images/gender_dataset/women/205.jpg,person,0.9342998266220093
datasets/human_images/gender_dataset/women/622.jpg,person,0.9203701615333557
datasets/human_images/gender_dataset/women/651.jpg,person,0.917890727519989
datasets/human_images/gender_dataset/women/651.jpg,tie,0.3743664026260376
datasets/human_images/gender_dataset/men/768.jpg,person,0.8683598637580872
datasets/human_images/gender_dataset/women/31.jpg,person,0.8678411245346069
datasets/human_images/gender_dataset/women/515.jpg,person,0.9184713363647461
datasets/human_images/gender_dataset/men/351.jpg,person,0.8820948004722595
datasets/human_images/gender_dataset/women/30.jpg,person,0.8699290752410889
datasets/human_images/gender_dataset/women/30.jpg,chair,0.6052062511444092
datasets/human_images/gender_dataset/women/30.jpg,chair,0.3120596706867218
datasets/human_images/gender_dataset/men/586.jpg,person,0.9405616521835327
datasets/human_images/gender_dataset/men/586.jpg,tie,0.8064189553260803
datasets/human_images/gender_dataset/women/99.jpg,person,0.8183382749557495
datasets/human_images/gender_dataset/women/513.jpg,person,0.9275372624397278
datasets/human_images/gender_dataset/men/217.jpg,person,0.9182664155960083
datasets/human_images/gender_dataset/women/832.jpg,person,0.8406595587730408
datasets/human_images/gender_dataset/men/299.jpg,person,0.893591582775116
datasets/human_images/gender_dataset/women/34.jpg,person,0.798882007598877
datasets/human_images/gender_dataset/women/721.jpg,person,0.8792908787727356
datasets/human_images/gender_dataset/men/321.jpg,person,0.8709615468978882
datasets/human_images/gender_dataset/women/157.jpg,person,0.9081672430038452
datasets/human_images/gender_dataset/men/109.jpg,person,0.8958564400672913
datasets/human_images/gender_dataset/men/748.jpg,person,0.9256900548934937
datasets/human_images/gender_dataset/men/641.jpg,person,0.5413512587547302
datasets/human_images/gender_dataset/men/807.jpg,person,0.8834213614463806
datasets/human_images/gender_dataset/women/829.jpg,person,0.9177016615867615
datasets/human_images/gender_dataset/women/829.jpg,chair,0.5737983584403992
datasets/human_images/gender_dataset/women/829.jpg,person,0.35633885860443115
datasets/human_images/gender_dataset/women/418.jpg,person,0.9109367728233337
datasets/human_images/gender_dataset/men/654.jpg,person,0.9564163088798523
datasets/human_images/gender_dataset/men/584.jpg,person,0.857948362827301
datasets/human_images/gender_dataset/women/43.jpg,person,0.8875816464424133
datasets/human_images/gender_dataset/women/779.jpg,person,0.9305634498596191
datasets/human_images/gender_dataset/women/219.jpg,person,0.9293651580810547
datasets/human_images/gender_dataset/women/663.jpg,person,0.7491583228111267
datasets/human_images/gender_dataset/women/663.jpg,person,0.4571170508861542
datasets/human_images/gender_dataset/women/663.jpg,person,0.35956260561943054
datasets/human_images/gender_dataset/women/663.jpg,person,0.2980499863624573
datasets/human_images/gender_dataset/men/41.jpg,person,0.8349923491477966
datasets/human_images/gender_dataset/men/206.jpg,person,0.9372685551643372
datasets/human_images/gender_dataset/men/206.jpg,tie,0.9183987975120544
datasets/human_images/gender_dataset/men/433.jpg,person,0.9107951521873474
datasets/human_images/gender_dataset/men/792.jpg,person,0.9051482677459717
datasets/human_images/gender_dataset/men/394.jpg,person,0.9214743971824646
datasets/human_images/gender_dataset/men/484.jpg,person,0.9304027557373047
datasets/human_images/gender_dataset/men/484.jpg,tie,0.7361939549446106
datasets/human_images/gender_dataset/women/692.jpg,person,0.9185858964920044
datasets/human_images/gender_dataset/women/281.jpg,person,0.8145220875740051
datasets/human_images/gender_dataset/women/281.jpg,person,0.3925359845161438
datasets/human_images/gender_dataset/women/552.jpg,person,0.7945372462272644
datasets/human_images/gender_dataset/women/20.jpg,person,0.9189788699150085
datasets/human_images/gender_dataset/men/251.jpg,person,0.8410104513168335
datasets/human_images/gender_dataset/women/657.jpg,person,0.9365839958190918
datasets/human_images/gender_dataset/women/250.jpg,person,0.8607699871063232
datasets/human_images/gender_dataset/women/785.jpg,person,0.918635368347168
datasets/human_images/gender_dataset/women/257.jpg,person,0.8364577293395996
datasets/human_images/gender_dataset/men/424.jpg,person,0.8140900135040283
datasets/human_images/gender_dataset/women/724.jpg,person,0.9188024997711182
datasets/human_images/gender_dataset/men/331.jpg,person,0.9111292958259583
datasets/human_images/gender_dataset/women/241.jpg,person,0.8743495345115662
datasets/human_images/gender_dataset/women/648.jpg,person,0.8917386531829834
datasets/human_images/gender_dataset/women/389.jpg,person,0.915507435798645
datasets/human_images/gender_dataset/women/208.jpg,person,0.9082297682762146
datasets/human_images/gender_dataset/women/208.jpg,cell phone,0.7772064805030823
datasets/human_images/gender_dataset/women/208.jpg,tie,0.34627068042755127
datasets/human_images/gender_dataset/women/709.jpg,person,0.8650301098823547
datasets/human_images/gender_dataset/men/461.jpg,person,0.8715856075286865
datasets/human_images/gender_dataset/men/461.jpg,car,0.5193273425102234
datasets/human_images/gender_dataset/men/461.jpg,book,0.484264612197876
datasets/human_images/gender_dataset/men/461.jpg,book,0.3191189765930176
datasets/human_images/gender_dataset/men/461.jpg,book,0.27224570512771606
datasets/human_images/gender_dataset/men/410.jpg,person,0.9001915454864502
datasets/human_images/gender_dataset/women/509.jpg,person,0.9248387813568115
datasets/human_images/gender_dataset/women/340.jpg,person,0.8981158137321472
datasets/human_images/gender_dataset/women/340.jpg,car,0.872262716293335
datasets/human_images/gender_dataset/women/340.jpg,car,0.8437730669975281
datasets/human_images/gender_dataset/women/340.jpg,car,0.6323938369750977
datasets/human_images/gender_dataset/women/340.jpg,car,0.578078031539917
datasets/human_images/gender_dataset/women/89.jpg,person,0.9056350588798523
datasets/human_images/gender_dataset/women/187.jpg,person,0.9300395250320435
datasets/human_images/gender_dataset/men/805.jpg,person,0.8873680830001831
datasets/human_images/gender_dataset/men/245.jpg,person,0.9479281902313232
datasets/human_images/gender_dataset/men/245.jpg,person,0.4523436427116394
datasets/human_images/gender_dataset/men/681.jpg,person,0.934537410736084
datasets/human_images/gender_dataset/women/372.jpg,person,0.9087390899658203
datasets/human_images/gender_dataset/women/37.jpg,person,0.8310347199440002
datasets/human_images/gender_dataset/women/37.jpg,person,0.8255290985107422
datasets/human_images/gender_dataset/women/778.jpg,person,0.9203402996063232
datasets/human_images/gender_dataset/women/146.jpg,person,0.8695600032806396
datasets/human_images/gender_dataset/men/624.jpg,person,0.8138529062271118
datasets/human_images/gender_dataset/men/700.jpg,person,0.8819736838340759
datasets/human_images/gender_dataset/men/316.jpg,person,0.8883035778999329
datasets/human_images/gender_dataset/women/405.jpg,person,0.8081027269363403
datasets/human_images/gender_dataset/women/405.jpg,donut,0.7981271743774414
datasets/human_images/gender_dataset/women/405.jpg,donut,0.7731788754463196
datasets/human_images/gender_dataset/women/405.jpg,person,0.7494388222694397
datasets/human_images/gender_dataset/men/600.jpg,person,0.9511333107948303
datasets/human_images/gender_dataset/men/184.jpg,person,0.9319209456443787
datasets/human_images/gender_dataset/women/41.jpg,person,0.8426076173782349
datasets/human_images/gender_dataset/women/174.jpg,person,0.8054794669151306
datasets/human_images/gender_dataset/men/128.jpg,person,0.911406397819519
datasets/human_images/gender_dataset/women/82.jpg,person,0.9368014335632324
datasets/human_images/gender_dataset/women/82.jpg,bottle,0.3844868540763855
datasets/human_images/gender_dataset/men/473.jpg,person,0.9318550825119019
datasets/human_images/gender_dataset/men/473.jpg,tie,0.8779637217521667
datasets/human_images/gender_dataset/men/594.jpg,person,0.8883217573165894
datasets/human_images/gender_dataset/men/287.jpg,person,0.9423940181732178
datasets/human_images/gender_dataset/men/709.jpg,person,0.9011437892913818
datasets/human_images/gender_dataset/men/348.jpg,person,0.8443243503570557
datasets/human_images/gender_dataset/men/348.jpg,tie,0.809485673904419
datasets/human_images/gender_dataset/women/787.jpg,person,0.9357173442840576
datasets/human_images/gender_dataset/women/745.jpg,person,0.8817960023880005
datasets/human_images/gender_dataset/men/364.jpg,person,0.9059152007102966
datasets/human_images/gender_dataset/men/528.jpg,person,0.8955858945846558
datasets/human_images/gender_dataset/women/297.jpg,person,0.9096471667289734
datasets/human_images/gender_dataset/women/297.jpg,person,0.4972485601902008
datasets/human_images/gender_dataset/women/390.jpg,person,0.8716847896575928
datasets/human_images/gender_dataset/women/700.jpg,person,0.9260870814323425
datasets/human_images/gender_dataset/women/683.jpg,person,0.9111652374267578
datasets/human_images/gender_dataset/women/683.jpg,person,0.4126948118209839
datasets/human_images/gender_dataset/men/49.jpg,person,0.9138602018356323
datasets/human_images/gender_dataset/men/662.jpg,person,0.9086382985115051
datasets/human_images/gender_dataset/men/457.jpg,person,0.9201805591583252
datasets/human_images/gender_dataset/men/363.jpg,person,0.9322401285171509
datasets/human_images/gender_dataset/women/596.jpg,person,0.8690356016159058
datasets/human_images/gender_dataset/men/114.jpg,person,0.9388042092323303
datasets/human_images/gender_dataset/men/601.jpg,person,0.9041904807090759
datasets/human_images/gender_dataset/women/684.jpg,person,0.8728412985801697
datasets/human_images/gender_dataset/men/625.jpg,person,0.9384351372718811
datasets/human_images/gender_dataset/men/625.jpg,tie,0.628825843334198
datasets/human_images/gender_dataset/men/625.jpg,tie,0.3147134780883789
datasets/human_images/gender_dataset/men/108.jpg,person,0.6368767619132996
datasets/human_images/gender_dataset/men/511.jpg,person,0.7997423410415649
datasets/human_images/gender_dataset/women/113.jpg,person,0.8576858639717102
datasets/human_images/gender_dataset/women/113.jpg,potted plant,0.26406940817832947
datasets/human_images/gender_dataset/men/607.jpg,person,0.9079713821411133
datasets/human_images/gender_dataset/women/64.jpg,person,0.867793619632721
datasets/human_images/gender_dataset/women/64.jpg,car,0.789136528968811
datasets/human_images/gender_dataset/women/64.jpg,car,0.698952317237854
datasets/human_images/gender_dataset/women/64.jpg,car,0.4712367653846741
datasets/human_images/gender_dataset/women/64.jpg,traffic light,0.46918827295303345
datasets/human_images/gender_dataset/women/64.jpg,traffic light,0.33862531185150146
datasets/human_images/gender_dataset/women/64.jpg,car,0.3380469083786011
datasets/human_images/gender_dataset/women/64.jpg,car,0.3187181353569031
datasets/human_images/gender_dataset/women/29.jpg,person,0.9423959851264954
datasets/human_images/gender_dataset/women/29.jpg,frisbee,0.2987027168273926
datasets/human_images/gender_dataset/men/833.jpg,person,0.7892269492149353
datasets/human_images/gender_dataset/men/769.jpg,person,0.8839926719665527
datasets/human_images/gender_dataset/men/629.jpg,person,0.7860087752342224
datasets/human_images/gender_dataset/women/224.jpg,person,0.8651669025421143
datasets/human_images/gender_dataset/women/342.jpg,person,0.8761918544769287
datasets/human_images/gender_dataset/women/717.jpg,person,0.9327390193939209
datasets/human_images/gender_dataset/women/625.jpg,person,0.8424695730209351
datasets/human_images/gender_dataset/men/543.jpg,person,0.9348204731941223
datasets/human_images/gender_dataset/women/562.jpg,person,0.9157048463821411
datasets/human_images/gender_dataset/women/618.jpg,person,0.936023473739624
datasets/human_images/gender_dataset/men/260.jpg,person,0.9503418803215027
datasets/human_images/gender_dataset/men/260.jpg,person,0.9495120048522949
datasets/human_images/gender_dataset/men/816.jpg,person,0.9057942032814026
datasets/human_images/gender_dataset/men/816.jpg,person,0.34141063690185547
datasets/human_images/gender_dataset/women/381.jpg,person,0.8697068691253662
datasets/human_images/gender_dataset/women/712.jpg,person,0.9067012667655945
datasets/human_images/gender_dataset/women/795.jpg,person,0.9021719098091125
datasets/human_images/gender_dataset/women/795.jpg,person,0.8337476849555969
datasets/human_images/gender_dataset/women/795.jpg,person,0.8290351033210754
datasets/human_images/gender_dataset/women/795.jpg,person,0.7935226559638977
datasets/human_images/gender_dataset/women/795.jpg,tie,0.4461396336555481
datasets/human_images/gender_dataset/men/5.jpg,person,0.9242497086524963
datasets/human_images/gender_dataset/men/708.jpg,person,0.9101538062095642
datasets/human_images/gender_dataset/men/139.jpg,person,0.9021489024162292
datasets/human_images/gender_dataset/women/532.jpg,person,0.9169996380805969
datasets/human_images/gender_dataset/women/315.jpg,person,0.936225950717926
datasets/human_images/gender_dataset/men/747.jpg,person,0.8801963925361633
datasets/human_images/gender_dataset/women/373.jpg,person,0.9540311694145203
datasets/human_images/gender_dataset/men/242.jpg,person,0.9341307282447815
datasets/human_images/gender_dataset/men/825.jpg,person,0.9423937797546387
datasets/human_images/gender_dataset/men/825.jpg,sandwich,0.32499849796295166
datasets/human_images/gender_dataset/women/726.jpg,person,0.9200503826141357
datasets/human_images/gender_dataset/men/148.jpg,person,0.9410040378570557
datasets/human_images/gender_dataset/men/148.jpg,tie,0.7199212908744812
datasets/human_images/gender_dataset/men/677.jpg,person,0.9205155968666077
datasets/human_images/gender_dataset/men/46.jpg,person,0.9119275212287903
datasets/human_images/gender_dataset/men/113.jpg,person,0.923709511756897
datasets/human_images/gender_dataset/men/256.jpg,person,0.9153568148612976
datasets/human_images/gender_dataset/men/73.jpg,person,0.9090970754623413
datasets/human_images/gender_dataset/women/430.jpg,person,0.785497784614563
datasets/human_images/gender_dataset/women/813.jpg,person,0.8391120433807373
datasets/human_images/gender_dataset/women/86.jpg,person,0.8710702657699585
datasets/human_images/gender_dataset/men/158.jpg,person,0.7759392857551575
datasets/human_images/gender_dataset/men/158.jpg,tie,0.5839357972145081
datasets/human_images/gender_dataset/women/309.jpg,person,0.8825017213821411
datasets/human_images/gender_dataset/women/109.jpg,person,0.8766030073165894
datasets/human_images/gender_dataset/women/526.jpg,person,0.916956901550293
datasets/human_images/gender_dataset/men/790.jpg,person,0.886349618434906
datasets/human_images/gender_dataset/men/445.jpg,person,0.8979008197784424
datasets/human_images/gender_dataset/men/763.jpg,person,0.9211322069168091
datasets/human_images/gender_dataset/men/522.jpg,person,0.9194919466972351
datasets/human_images/gender_dataset/men/522.jpg,tie,0.7398527264595032
datasets/human_images/gender_dataset/women/231.jpg,person,0.8997678756713867
datasets/human_images/gender_dataset/women/231.jpg,person,0.5784054398536682
datasets/human_images/gender_dataset/women/231.jpg,person,0.3800981938838959
datasets/human_images/gender_dataset/women/231.jpg,person,0.3506554365158081
datasets/human_images/gender_dataset/women/231.jpg,person,0.29058539867401123
datasets/human_images/gender_dataset/women/231.jpg,person,0.2676984965801239
datasets/human_images/gender_dataset/men/444.jpg,person,0.9077070355415344
datasets/human_images/gender_dataset/men/506.jpg,person,0.9319435954093933
datasets/human_images/gender_dataset/men/506.jpg,tie,0.8143962025642395
datasets/human_images/gender_dataset/men/426.jpg,person,0.8504312634468079
datasets/human_images/gender_dataset/women/563.jpg,person,0.9192133545875549
datasets/human_images/gender_dataset/men/132.jpg,person,0.8167455196380615
datasets/human_images/gender_dataset/men/326.jpg,person,0.9004269242286682
datasets/human_images/gender_dataset/men/782.jpg,person,0.9305370450019836
datasets/human_images/gender_dataset/women/615.jpg,person,0.8609747886657715
datasets/human_images/gender_dataset/men/258.jpg,person,0.7474511861801147
datasets/human_images/gender_dataset/men/258.jpg,person,0.41024717688560486
datasets/human_images/gender_dataset/women/708.jpg,person,0.8169023990631104
datasets/human_images/gender_dataset/men/257.jpg,person,0.9011015892028809
datasets/human_images/gender_dataset/men/257.jpg,tie,0.6942821741104126
datasets/human_images/gender_dataset/women/67.jpg,person,0.8761337995529175
datasets/human_images/gender_dataset/women/197.jpg,person,0.9095556735992432
datasets/human_images/gender_dataset/women/197.jpg,wine glass,0.7436421513557434
datasets/human_images/gender_dataset/women/197.jpg,person,0.32688218355178833
datasets/human_images/gender_dataset/women/498.jpg,person,0.9469770789146423
datasets/human_images/gender_dataset/women/498.jpg,person,0.45461732149124146
datasets/human_images/gender_dataset/women/498.jpg,person,0.431426078081131
datasets/human_images/gender_dataset/women/498.jpg,person,0.4298359453678131
datasets/human_images/gender_dataset/women/498.jpg,person,0.356656938791275
datasets/human_images/gender_dataset/men/173.jpg,person,0.9509167075157166
datasets/human_images/gender_dataset/men/578.jpg,person,0.9501262903213501
datasets/human_images/gender_dataset/men/578.jpg,tie,0.8677447438240051
datasets/human_images/gender_dataset/men/623.jpg,person,0.9290533065795898
datasets/human_images/gender_dataset/women/653.jpg,person,0.8704615831375122
datasets/human_images/gender_dataset/men/582.jpg,person,0.8945188522338867
datasets/human_images/gender_dataset/women/222.jpg,person,0.859899640083313
datasets/human_images/gender_dataset/women/222.jpg,person,0.27446553111076355
datasets/human_images/gender_dataset/women/581.jpg,person,0.8271707892417908
datasets/human_images/gender_dataset/women/581.jpg,vase,0.2769604027271271
datasets/human_images/gender_dataset/men/571.jpg,person,0.9040101170539856
datasets/human_images/gender_dataset/women/371.jpg,person,0.8886100649833679
datasets/human_images/gender_dataset/women/371.jpg,person,0.7982287406921387
datasets/human_images/gender_dataset/women/371.jpg,person,0.7591242790222168
datasets/human_images/gender_dataset/women/371.jpg,person,0.5040452480316162
datasets/human_images/gender_dataset/women/371.jpg,person,0.33787038922309875
datasets/human_images/gender_dataset/women/371.jpg,person,0.33498963713645935
datasets/human_images/gender_dataset/women/371.jpg,person,0.3330478370189667
datasets/human_images/gender_dataset/women/371.jpg,person,0.3250458538532257
datasets/human_images/gender_dataset/women/169.jpg,person,0.8663777112960815
datasets/human_images/gender_dataset/men/678.jpg,person,0.944483757019043
datasets/human_images/gender_dataset/men/230.jpg,person,0.9176844954490662
datasets/human_images/gender_dataset/men/706.jpg,person,0.9209753274917603
datasets/human_images/gender_dataset/men/706.jpg,tie,0.5557775497436523
datasets/human_images/gender_dataset/men/706.jpg,tie,0.38462764024734497
datasets/human_images/gender_dataset/men/202.jpg,person,0.9133254885673523
datasets/human_images/gender_dataset/women/585.jpg,person,0.9066149592399597
datasets/human_images/gender_dataset/women/385.jpg,person,0.941158652305603
datasets/human_images/gender_dataset/women/385.jpg,clock,0.6650747656822205
datasets/human_images/gender_dataset/men/661.jpg,person,0.902135968208313
datasets/human_images/gender_dataset/women/624.jpg,person,0.7765053510665894
datasets/human_images/gender_dataset/women/704.jpg,person,0.8774740695953369
datasets/human_images/gender_dataset/women/704.jpg,chair,0.26728755235671997
datasets/human_images/gender_dataset/women/243.jpg,person,0.8717998266220093
datasets/human_images/gender_dataset/women/243.jpg,cup,0.4275227189064026
datasets/human_images/gender_dataset/women/243.jpg,person,0.2639259099960327
datasets/human_images/gender_dataset/women/239.jpg,person,0.8510689735412598
datasets/human_images/gender_dataset/women/194.jpg,person,0.9474111795425415
datasets/human_images/gender_dataset/women/670.jpg,person,0.8550546169281006
datasets/human_images/gender_dataset/men/719.jpg,person,0.9259161949157715
datasets/human_images/gender_dataset/men/719.jpg,potted plant,0.25089123845100403
datasets/human_images/gender_dataset/men/90.jpg,person,0.9487055540084839
datasets/human_images/gender_dataset/men/90.jpg,tie,0.5137527585029602
datasets/human_images/gender_dataset/men/529.jpg,person,0.9238495230674744
datasets/human_images/gender_dataset/men/116.jpg,person,0.9380825161933899
datasets/human_images/gender_dataset/men/116.jpg,tie,0.730404257774353
datasets/human_images/gender_dataset/men/587.jpg,person,0.9172048568725586
datasets/human_images/gender_dataset/men/714.jpg,person,0.9541195034980774
datasets/human_images/gender_dataset/women/132.jpg,person,0.8109031915664673
datasets/human_images/gender_dataset/women/767.jpg,person,0.7428784370422363
datasets/human_images/gender_dataset/women/767.jpg,person,0.5421192049980164
datasets/human_images/gender_dataset/women/767.jpg,person,0.29790985584259033
datasets/human_images/gender_dataset/women/412.jpg,person,0.8962908387184143
datasets/human_images/gender_dataset/women/412.jpg,chair,0.361985981464386
datasets/human_images/gender_dataset/men/585.jpg,person,0.8353930711746216
datasets/human_images/gender_dataset/men/745.jpg,person,0.9167736172676086
datasets/human_images/gender_dataset/women/630.jpg,person,0.8543595671653748
datasets/human_images/gender_dataset/women/558.jpg,person,0.8364236950874329
datasets/human_images/gender_dataset/women/354.jpg,person,0.9066058397293091
datasets/human_images/gender_dataset/women/447.jpg,person,0.5744325518608093
datasets/human_images/gender_dataset/women/326.jpg,person,0.8994057178497314
datasets/human_images/gender_dataset/men/201.jpg,person,0.9707447290420532
datasets/human_images/gender_dataset/women/449.jpg,person,0.8708891272544861
datasets/human_images/gender_dataset/women/411.jpg,person,0.9366734027862549
datasets/human_images/gender_dataset/women/411.jpg,person,0.47981777787208557
datasets/human_images/gender_dataset/men/300.jpg,person,0.9087173342704773
datasets/human_images/gender_dataset/men/507.jpg,person,0.9410337209701538
datasets/human_images/gender_dataset/men/507.jpg,tie,0.34256067872047424
datasets/human_images/gender_dataset/women/588.jpg,person,0.9061916470527649
datasets/human_images/gender_dataset/men/12.jpg,person,0.8500934839248657
datasets/human_images/gender_dataset/women/198.jpg,person,0.9094569683074951
datasets/human_images/gender_dataset/women/603.jpg,person,0.7763553261756897
datasets/human_images/gender_dataset/women/791.jpg,person,0.9306631088256836
datasets/human_images/gender_dataset/men/431.jpg,person,0.9355862736701965
datasets/human_images/gender_dataset/men/74.jpg,person,0.9194769263267517
datasets/human_images/gender_dataset/men/125.jpg,person,0.8968215584754944
datasets/human_images/gender_dataset/women/605.jpg,person,0.9134702086448669
datasets/human_images/gender_dataset/women/605.jpg,person,0.6163071990013123
datasets/human_images/gender_dataset/men/290.jpg,person,0.8863895535469055
datasets/human_images/gender_dataset/men/434.jpg,person,0.8494805097579956
datasets/human_images/gender_dataset/men/798.jpg,person,0.9243137836456299
datasets/human_images/gender_dataset/men/239.jpg,person,0.6108129620552063
datasets/human_images/gender_dataset/women/94.jpg,person,0.8172916769981384
datasets/human_images/gender_dataset/women/237.jpg,person,0.88370281457901
datasets/human_images/gender_dataset/women/781.jpg,person,0.8925105929374695
datasets/human_images/gender_dataset/women/363.jpg,person,0.640458345413208
datasets/human_images/gender_dataset/women/363.jpg,person,0.261300653219223
datasets/human_images/gender_dataset/men/222.jpg,person,0.8844883441925049
datasets/human_images/gender_dataset/men/222.jpg,sports ball,0.66736900806427
datasets/human_images/gender_dataset/men/222.jpg,sports ball,0.6587159633636475
datasets/human_images/gender_dataset/men/222.jpg,sports ball,0.631166398525238
datasets/human_images/gender_dataset/women/802.jpg,person,0.9213211536407471
datasets/human_images/gender_dataset/men/277.jpg,person,0.849277675151825
datasets/human_images/gender_dataset/men/156.jpg,person,0.8638277649879456
datasets/human_images/gender_dataset/men/156.jpg,tv,0.7565308809280396
datasets/human_images/gender_dataset/women/575.jpg,person,0.8898146152496338
datasets/human_images/gender_dataset/women/575.jpg,person,0.41905149817466736
datasets/human_images/gender_dataset/women/590.jpg,person,0.8918570876121521
datasets/human_images/gender_dataset/women/674.jpg,person,0.9413046836853027
datasets/human_images/gender_dataset/women/58.jpg,person,0.9174010753631592
datasets/human_images/gender_dataset/women/175.jpg,person,0.8007610440254211
datasets/human_images/gender_dataset/men/774.jpg,person,0.8957756757736206
datasets/human_images/gender_dataset/men/774.jpg,tie,0.49132609367370605
datasets/human_images/gender_dataset/men/774.jpg,suitcase,0.4379124641418457
datasets/human_images/gender_dataset/women/696.jpg,person,0.9278300404548645
datasets/human_images/gender_dataset/women/696.jpg,umbrella,0.3811585605144501
datasets/human_images/gender_dataset/women/79.jpg,person,0.9150136113166809
datasets/human_images/gender_dataset/women/792.jpg,person,0.889645516872406
datasets/human_images/gender_dataset/women/792.jpg,cup,0.5414614677429199
datasets/human_images/gender_dataset/women/792.jpg,cell phone,0.2983427345752716
datasets/human_images/gender_dataset/men/673.jpg,tie,0.9252300262451172
datasets/human_images/gender_dataset/men/673.jpg,person,0.9140569567680359
datasets/human_images/gender_dataset/men/673.jpg,dining table,0.3643733561038971
datasets/human_images/gender_dataset/men/673.jpg,potted plant,0.3168707489967346
datasets/human_images/gender_dataset/men/538.jpg,person,0.9420343041419983
datasets/human_images/gender_dataset/men/538.jpg,tie,0.9057072401046753
datasets/human_images/gender_dataset/men/538.jpg,person,0.5070183873176575
datasets/human_images/gender_dataset/men/538.jpg,person,0.3664804995059967
datasets/human_images/gender_dataset/men/538.jpg,person,0.3500587046146393
datasets/human_images/gender_dataset/men/538.jpg,tie,0.3372950851917267
datasets/human_images/gender_dataset/men/81.jpg,person,0.847324013710022
datasets/human_images/gender_dataset/men/81.jpg,person,0.7768795490264893
datasets/human_images/gender_dataset/men/81.jpg,person,0.3730125427246094
datasets/human_images/gender_dataset/men/651.jpg,person,0.9471755027770996
datasets/human_images/gender_dataset/men/643.jpg,person,0.9224150776863098
datasets/human_images/gender_dataset/women/607.jpg,person,0.9102309346199036
datasets/human_images/gender_dataset/women/607.jpg,person,0.46513625979423523
datasets/human_images/gender_dataset/women/607.jpg,person,0.2853699028491974
datasets/human_images/gender_dataset/women/816.jpg,person,0.9286348223686218
datasets/human_images/gender_dataset/women/96.jpg,person,0.9310311079025269
datasets/human_images/gender_dataset/women/278.jpg,person,0.9557202458381653
datasets/human_images/gender_dataset/men/670.jpg,person,0.935189962387085
datasets/human_images/gender_dataset/men/670.jpg,tie,0.610832929611206
datasets/human_images/gender_dataset/women/220.jpg,person,0.9059567451477051
datasets/human_images/gender_dataset/women/755.jpg,person,0.8896856904029846
datasets/human_images/gender_dataset/women/14.jpg,person,0.5010027885437012
datasets/human_images/gender_dataset/women/347.jpg,person,0.9333081245422363
datasets/human_images/gender_dataset/women/777.jpg,person,0.955604612827301
datasets/human_images/gender_dataset/women/699.jpg,person,0.8810168504714966
datasets/human_images/gender_dataset/men/591.jpg,person,0.9359962344169617
datasets/human_images/gender_dataset/women/346.jpg,person,0.9244744181632996
datasets/human_images/gender_dataset/women/750.jpg,person,0.9169705510139465
datasets/human_images/gender_dataset/men/466.jpg,person,0.9337812662124634
datasets/human_images/gender_dataset/men/466.jpg,tie,0.9078089594841003
datasets/human_images/gender_dataset/women/8.jpg,person,0.9006418585777283
datasets/human_images/gender_dataset/women/8.jpg,bed,0.4327109158039093
datasets/human_images/gender_dataset/men/118.jpg,person,0.9074610471725464
datasets/human_images/gender_dataset/women/66.jpg,person,0.9223764538764954
datasets/human_images/gender_dataset/women/471.jpg,person,0.8763042092323303
datasets/human_images/gender_dataset/men/613.jpg,person,0.9215676188468933
datasets/human_images/gender_dataset/men/668.jpg,person,0.947287917137146
datasets/human_images/gender_dataset/men/668.jpg,tie,0.3545632064342499
datasets/human_images/gender_dataset/women/189.jpg,person,0.9125139117240906
datasets/human_images/gender_dataset/women/13.jpg,person,0.8630315661430359
datasets/human_images/gender_dataset/men/467.jpg,person,0.9322713017463684
datasets/human_images/gender_dataset/men/546.jpg,person,0.9163759350776672
datasets/human_images/gender_dataset/women/290.jpg,person,0.7491583228111267
datasets/human_images/gender_dataset/women/290.jpg,person,0.4571170508861542
datasets/human_images/gender_dataset/women/290.jpg,person,0.35956260561943054
datasets/human_images/gender_dataset/women/290.jpg,person,0.2980499863624573
datasets/human_images/gender_dataset/men/757.jpg,person,0.9130441546440125
datasets/human_images/gender_dataset/men/695.jpg,person,0.9300095438957214
datasets/human_images/gender_dataset/men/695.jpg,sports ball,0.5692703127861023
datasets/human_images/gender_dataset/men/322.jpg,person,0.6772230863571167
datasets/human_images/gender_dataset/men/772.jpg,person,0.9246280789375305
datasets/human_images/gender_dataset/men/631.jpg,person,0.9078313112258911
datasets/human_images/gender_dataset/women/213.jpg,person,0.9277353286743164
datasets/human_images/gender_dataset/men/712.jpg,person,0.9333695769309998
datasets/human_images/gender_dataset/men/712.jpg,person,0.3045307993888855
datasets/human_images/gender_dataset/women/301.jpg,person,0.9455373883247375
datasets/human_images/gender_dataset/men/663.jpg,person,0.9532170295715332
datasets/human_images/gender_dataset/men/468.jpg,person,0.7220216393470764
datasets/human_images/gender_dataset/men/248.jpg,person,0.8628871440887451
datasets/human_images/gender_dataset/men/189.jpg,person,0.9389173984527588
datasets/human_images/gender_dataset/men/535.jpg,person,0.9431614279747009
datasets/human_images/gender_dataset/men/535.jpg,sports ball,0.3758942484855652
datasets/human_images/gender_dataset/men/535.jpg,sports ball,0.3000766634941101
datasets/human_images/gender_dataset/men/344.jpg,person,0.9329036474227905
datasets/human_images/gender_dataset/women/804.jpg,person,0.9398209452629089
datasets/human_images/gender_dataset/women/776.jpg,person,0.900312066078186
datasets/human_images/gender_dataset/women/776.jpg,person,0.5027294158935547
datasets/human_images/gender_dataset/women/776.jpg,person,0.4097829759120941
datasets/human_images/gender_dataset/women/776.jpg,person,0.3888576328754425
datasets/human_images/gender_dataset/women/401.jpg,person,0.8916451930999756
datasets/human_images/gender_dataset/women/789.jpg,person,0.9424691796302795
datasets/human_images/gender_dataset/women/423.jpg,person,0.8985427021980286
datasets/human_images/gender_dataset/women/316.jpg,person,0.9241828322410583
datasets/human_images/gender_dataset/men/386.jpg,person,0.9587582349777222
datasets/human_images/gender_dataset/women/454.jpg,person,0.9129030108451843
datasets/human_images/gender_dataset/men/481.jpg,person,0.8505469560623169
datasets/human_images/gender_dataset/men/481.jpg,couch,0.3380427956581116
datasets/human_images/gender_dataset/men/481.jpg,couch,0.30120211839675903
datasets/human_images/gender_dataset/women/345.jpg,person,0.9139317870140076
datasets/human_images/gender_dataset/women/306.jpg,person,0.8207395076751709
datasets/human_images/gender_dataset/women/611.jpg,person,0.870978832244873
datasets/human_images/gender_dataset/men/777.jpg,person,0.9372546076774597
datasets/human_images/gender_dataset/women/668.jpg,person,0.7558850049972534
datasets/human_images/gender_dataset/women/668.jpg,person,0.4924931228160858
datasets/human_images/gender_dataset/women/270.jpg,person,0.7892389893531799
datasets/human_images/gender_dataset/women/270.jpg,person,0.44084432721138
datasets/human_images/gender_dataset/men/379.jpg,person,0.8894917368888855
datasets/human_images/gender_dataset/women/76.jpg,person,0.915389358997345
datasets/human_images/gender_dataset/women/358.jpg,person,0.9360352158546448
datasets/human_images/gender_dataset/women/206.jpg,person,0.8707550168037415
datasets/human_images/gender_dataset/women/394.jpg,person,0.8632499575614929
datasets/human_images/gender_dataset/men/52.jpg,person,0.878317654132843
datasets/human_images/gender_dataset/men/52.jpg,tie,0.5577431917190552
datasets/human_images/gender_dataset/women/501.jpg,person,0.9056925773620605
datasets/human_images/gender_dataset/women/818.jpg,person,0.8787139654159546
datasets/human_images/gender_dataset/men/524.jpg,person,0.9255600571632385
datasets/human_images/gender_dataset/men/746.jpg,person,0.920356035232544
datasets/human_images/gender_dataset/men/746.jpg,person,0.7950088977813721
datasets/human_images/gender_dataset/men/746.jpg,person,0.6915024518966675
datasets/human_images/gender_dataset/men/746.jpg,person,0.5546317100524902
datasets/human_images/gender_dataset/men/746.jpg,person,0.5242093205451965
datasets/human_images/gender_dataset/men/746.jpg,person,0.45962944626808167
datasets/human_images/gender_dataset/men/746.jpg,person,0.3429047167301178
datasets/human_images/gender_dataset/men/746.jpg,umbrella,0.30613067746162415
datasets/human_images/gender_dataset/men/746.jpg,person,0.2833670675754547
datasets/human_images/gender_dataset/men/746.jpg,person,0.25503671169281006
datasets/human_images/gender_dataset/women/480.jpg,person,0.9455280900001526
datasets/human_images/gender_dataset/men/561.jpg,person,0.9238901138305664
datasets/human_images/gender_dataset/men/561.jpg,tie,0.27360665798187256
datasets/human_images/gender_dataset/men/614.jpg,person,0.9179772138595581
datasets/human_images/gender_dataset/men/635.jpg,person,0.7737223505973816
datasets/human_images/gender_dataset/women/560.jpg,person,0.8703058958053589
datasets/human_images/gender_dataset/women/643.jpg,person,0.9141613841056824
datasets/human_images/gender_dataset/women/680.jpg,person,0.9200504422187805
datasets/human_images/gender_dataset/men/495.jpg,person,0.9669927358627319
datasets/human_images/gender_dataset/men/305.jpg,person,0.8826476335525513
datasets/human_images/gender_dataset/women/176.jpg,person,0.8551695942878723
datasets/human_images/gender_dataset/men/806.jpg,person,0.91819828748703
datasets/human_images/gender_dataset/men/727.jpg,person,0.9340152740478516
datasets/human_images/gender_dataset/men/727.jpg,tie,0.8717537522315979
datasets/human_images/gender_dataset/men/619.jpg,person,0.9326163530349731
datasets/human_images/gender_dataset/women/91.jpg,person,0.9216041564941406
datasets/human_images/gender_dataset/women/446.jpg,person,0.8023911118507385
datasets/human_images/gender_dataset/men/67.jpg,person,0.7509461641311646
datasets/human_images/gender_dataset/men/67.jpg,remote,0.43540894985198975
datasets/human_images/gender_dataset/men/67.jpg,book,0.35813841223716736
datasets/human_images/gender_dataset/men/502.jpg,person,0.8987367153167725
datasets/human_images/gender_dataset/women/377.jpg,person,0.4352571368217468
datasets/human_images/gender_dataset/women/820.jpg,person,0.8493836522102356
datasets/human_images/gender_dataset/men/327.jpg,person,0.8747745752334595
datasets/human_images/gender_dataset/men/192.jpg,person,0.9501175880432129
datasets/human_images/gender_dataset/men/735.jpg,person,0.9402548670768738
datasets/human_images/gender_dataset/women/510.jpg,person,0.9438451528549194
datasets/human_images/gender_dataset/women/510.jpg,wine glass,0.3784720003604889
datasets/human_images/gender_dataset/men/549.jpg,person,0.8971248269081116
datasets/human_images/gender_dataset/women/594.jpg,person,0.9555919170379639
datasets/human_images/gender_dataset/women/504.jpg,person,0.9074695110321045
datasets/human_images/gender_dataset/women/747.jpg,person,0.8857187032699585
datasets/human_images/gender_dataset/women/559.jpg,person,0.89525306224823
datasets/human_images/gender_dataset/women/569.jpg,person,0.8984096646308899
datasets/human_images/gender_dataset/women/569.jpg,tie,0.3125291168689728
datasets/human_images/gender_dataset/women/348.jpg,person,0.8980750441551208
datasets/human_images/gender_dataset/men/165.jpg,person,0.9259687066078186
datasets/human_images/gender_dataset/men/165.jpg,suitcase,0.3607940077781677
datasets/human_images/gender_dataset/men/165.jpg,chair,0.30780598521232605
datasets/human_images/gender_dataset/women/234.jpg,person,0.8984347581863403
datasets/human_images/gender_dataset/women/180.jpg,person,0.8143624663352966
datasets/human_images/gender_dataset/men/126.jpg,person,0.8587733507156372
datasets/human_images/gender_dataset/men/272.jpg,person,0.9097296595573425
datasets/human_images/gender_dataset/men/213.jpg,person,0.8723190426826477
datasets/human_images/gender_dataset/men/213.jpg,person,0.4962787628173828
datasets/human_images/gender_dataset/women/424.jpg,person,0.9238530397415161
datasets/human_images/gender_dataset/women/542.jpg,person,0.817525327205658
datasets/human_images/gender_dataset/women/539.jpg,person,0.8599193692207336
datasets/human_images/gender_dataset/men/94.jpg,person,0.910236656665802
datasets/human_images/gender_dataset/women/554.jpg,person,0.8130064606666565
datasets/human_images/gender_dataset/women/664.jpg,person,0.8016136884689331
datasets/human_images/gender_dataset/women/664.jpg,chair,0.2871007025241852
datasets/human_images/gender_dataset/men/648.jpg,person,0.9124612808227539
datasets/human_images/gender_dataset/men/826.jpg,person,0.9424260854721069
datasets/human_images/gender_dataset/men/826.jpg,person,0.7505220770835876
datasets/human_images/gender_dataset/men/826.jpg,person,0.443452388048172
datasets/human_images/gender_dataset/men/826.jpg,person,0.3650311231613159
datasets/human_images/gender_dataset/men/826.jpg,bicycle,0.2879337668418884
datasets/human_images/gender_dataset/women/149.jpg,person,0.8510697484016418
datasets/human_images/gender_dataset/women/212.jpg,person,0.8790737390518188
datasets/human_images/gender_dataset/women/212.jpg,chair,0.2885623574256897
datasets/human_images/gender_dataset/women/18.jpg,person,0.8291892409324646
datasets/human_images/gender_dataset/women/18.jpg,person,0.6219003796577454
datasets/human_images/gender_dataset/women/18.jpg,person,0.5983690023422241
datasets/human_images/gender_dataset/women/18.jpg,laptop,0.5085038542747498
datasets/human_images/gender_dataset/women/18.jpg,dining table,0.301334410905838
datasets/human_images/gender_dataset/women/18.jpg,cell phone,0.29085713624954224
